"","510","520","530","550","560","570","610","620","630","700","dye","sample","pH","well_plate_96_num","well_plate_96_index","well_plate_384_num","well_plate_384_index","plate_number","media","norm_pH"
"1",0.449033331669473,0.461832381503282,0.453299681614076,0.41010288842497,0.367439388978939,0.275179571426898,0.0207984559799399,0.0127990498338092,0.00853269988920613,0.0031997624584523,"universal",1,3.89,1,"A1",2,"A2",8,"THY",-0.444285714285714
"2",0.448204538850435,0.461025034812976,0.452307097558448,0.410255870801314,0.368717463882681,0.276409892952385,0.0261538117635837,0.0184615141860591,0.0148717753165476,0.00871793725452791,"universal",2,4.08,2,"A2",4,"A4",8,"THY",-0.417142857142857
"3",0.448551811082451,0.461420100744652,0.453454016668052,0.409946942095847,0.369503746014642,0.274523512793631,0.0147066167568017,0.00428942988740049,-0.00061277569820007,-0.00919163547300104,"universal",3,4.25,3,"A3",6,"A6",8,"THY",-0.392857142857143
"4",0.45086568846195,0.462777595686837,0.452652474545683,0.410960799258581,0.36807793324899,0.270400294004921,0.0107207165023978,0.0029779768062216,-0.00119119072248864,-0.00714714433493184,"universal",4,4.46,4,"A4",8,"A8",8,"THY",-0.362857142857143
"5",0.451386199616605,0.464560297608487,0.453466320352165,0.410477158483917,0.367487996615669,0.26486870699469,-0.00762710936372143,-0.0152542187274429,-0.0180277130415234,-0.0221879545126442,"universal",5,4.7,5,"A5",10,"A10",8,"THY",-0.328571428571429
"6",0.464148521912884,0.467625289867288,0.450241450095269,0.404174274699421,0.362453059246578,0.260757596580272,-0.00173838397720181,-0.00695353590880724,-0.0112994958518118,-0.0165146477834172,"universal",6,5.07,6,"A6",12,"A12",8,"THY",-0.275714285714286
"7",0.487977834410087,0.476043593894623,0.448197032691873,0.391177883562434,0.346092974948458,0.243988917205043,-0.0106082137915236,-0.0172383474112259,-0.0212164275830473,-0.0344766948224518,"universal",7,5.36,7,"A7",14,"A14",8,"THY",-0.234285714285714
"8",0.573098785388516,0.492709363003701,0.425285976487406,0.33711693258148,0.293032410628517,0.207456573896295,0.0129660358685185,0.0155592430422222,0.00777962152111108,-0.0700165936899997,"universal",8,5.83,8,"A8",16,"A16",8,"THY",-0.167142857142857
"9",0.553556344856265,0.422941926407034,0.342085381652748,0.26744857111033,0.258118969792528,0.239459767156924,0.261228836898462,0.270558438216264,0.242569634262858,-0.043538139483077,"universal",9,6.33,9,"A9",18,"A18",8,"THY",-0.0957142857142857
"10",0.553033277723335,0.407498204638247,0.320177160787194,0.249026680612262,0.245792567877038,0.236090229671365,0.287836033434952,0.294304258905401,0.265197244288383,-0.0873210438510529,"universal",10,6.44,10,"A10",20,"A20",8,"THY",-0.0799999999999999
"11",0.380016925666828,0.296452994368363,0.252681411307262,0.240743706836053,0.258650263542867,0.278546437661549,0.409861186844851,0.425778126139796,0.389965012726169,0.00795846964747284,"universal",11,6.75,11,"A11",22,"A22",8,"THY",-0.0357142857142857
"12",0.320958470934144,0.251660619255181,0.2170116934157,0.224306204118749,0.251660619255181,0.282662289743139,0.444965152885973,0.461377801967832,0.426728876128351,-0.00729451070304874,"universal",12,6.87,12,"A12",24,"A24",8,"THY",-0.0185714285714286
"13",0.44595724802877,0.458797656056176,0.451389728348057,0.410399195029798,0.369408661711539,0.281007391061318,0.0355580529989717,0.0281501252908526,0.024693092360397,0.0187667501939017,"universal",1,3.89,13,"B1",50,"C2",8,"THY",-0.444285714285714
"14",0.445942598493525,0.458825384672227,0.449906532702356,0.411753665942355,0.371618832077937,0.280448345274817,0.029729506566235,0.0222971299246763,0.017837703939741,0.0143692615070136,"universal",2,4.08,14,"B2",52,"C4",8,"THY",-0.417142857142857
"15",0.447080347398085,0.459357153276293,0.449638015289378,0.409738396185201,0.369838777081024,0.281343468042273,0.0368304176346248,0.0281343468042273,0.0250651453346752,0.0184152088173124,"universal",3,4.25,15,"B3",54,"C6",8,"THY",-0.392857142857143
"16",0.448333498260412,0.460499943260694,0.452591754010511,0.411834163259564,0.371076572508618,0.273136690256343,0.0115581227502684,0.00425825575009889,0,-0.00608322250014126,"universal",4,4.46,16,"B4",56,"C8",8,"THY",-0.362857142857143
"17",0.468701095325786,0.470037695407513,0.451770827623904,0.398306824354803,0.356426688460673,0.262864682739747,0.00579193368748594,-0.00356426688460674,-0.00935620057209268,-0.0191579345047612,"universal",5,4.7,17,"B5",58,"C10",8,"THY",-0.328571428571429
"18",0.458282011068248,0.463631606528188,0.449366018635013,0.408352453442135,0.36555568976261,0.261238578293768,-0.0151571871364985,-0.02853117578635,-0.0356639697329376,-0.0463631606528188,"universal",6,5.07,18,"B6",60,"C12",8,"THY",-0.275714285714286
"19",0.499418471722273,0.477136724522356,0.446403280108678,0.382631382950295,0.338067888550462,0.232805841433613,-0.0353434610757301,-0.0407218138481238,-0.0484051749515434,-0.0591618804963308,"universal",7,5.36,19,"B7",62,"C14",8,"THY",-0.234285714285714
"20",0.586583912259343,0.495626280295078,0.419518873957632,0.322992407383309,0.272872895892796,0.18191526392853,-0.0389818422703994,-0.0408381204737518,-0.0482632332871612,-0.129939474234665,"universal",8,5.83,20,"B8",64,"C16",8,"THY",-0.167142857142857
"21",0.653453571310704,0.446846927440407,0.317117174312547,0.196997032527492,0.196997032527492,0.148948975813469,0.177777809841883,0.196997032527492,0.148948975813469,-0.283483534612732,"universal",9,6.33,21,"B9",66,"C18",8,"THY",-0.0957142857142857
"22",0.542377523083495,0.406128096994887,0.317041933783105,0.254157583280671,0.251537402009737,0.241056676925998,0.290840121073758,0.301320846157497,0.275119033448149,-0.0576439879605646,"universal",10,6.44,22,"B10",68,"C20",8,"THY",-0.0799999999999999
"23",0.374682463327623,0.279221963116763,0.229105200506062,0.217172637979705,0.243424275537691,0.267289400590406,0.429572250948867,0.443891325980496,0.405707125896152,-0.0715953751581444,"universal",11,6.75,23,"B11",70,"C22",8,"THY",-0.0357142857142857
"24",0.311744020091347,0.230514944433742,0.188802716393351,0.193193477239708,0.226124183587385,0.261250270358241,0.469811410560198,0.480788312676091,0.436880704212521,-0.120745923274817,"universal",12,6.87,24,"B12",72,"C24",8,"THY",-0.0185714285714286
"25",0.448036542268683,0.459022512921327,0.449469494962506,0.408869168637519,0.368746493210473,0.281336378887265,0.0425109299167514,0.0339132137538129,0.0286590538764616,0.0214942904073462,"universal",1,3.89,25,"C1",98,"E2",8,"THY",-0.444285714285714
"26",0.444345866984601,0.458199606486431,0.447937577225816,0.412020474813666,0.370972357771209,0.284258210519018,0.0389957111903345,0.0312991892448738,0.0277074790036587,0.0225764643733516,"universal",2,4.08,26,"C2",100,"E4",8,"THY",-0.417142857142857
"27",0.446722554696212,0.458837064654076,0.450255953433922,0.410883796070866,0.373025952452543,0.278128957782613,0.0297815036464142,0.0217051636745052,0.0181717649367951,0.0126192812061077,"universal",3,4.25,27,"C3",102,"E6",8,"THY",-0.392857142857143
"28",0.450126746868278,0.461794425163636,0.451969011862282,0.410211005331528,0.369681175463443,0.273269307443907,0.00429861831934236,-0.00491270665067698,-0.0079831483073501,-0.0116676782953578,"universal",4,4.46,28,"C4",104,"E8",8,"THY",-0.362857142857143
"29",0.464038074885764,0.467550188981399,0.451306661289088,0.403454106736062,0.361308737588443,0.261213485862847,-0.00175605704781746,-0.0100973280249504,-0.0144874706444941,-0.022828741621627,"universal",5,4.7,29,"C5",106,"E10",8,"THY",-0.328571428571429
"30",0.470939865242777,0.469538258500983,0.451317370857661,0.392449887702314,0.340590438255937,0.224257078687037,-0.0728835505732869,-0.0854980112494327,-0.0925060449584026,-0.112128539343518,"universal",6,5.07,30,"C6",108,"E12",8,"THY",-0.275714285714286
"31",0.581435506323189,0.472610678936496,0.394878659374572,0.298490955117787,0.245633181815679,0.127480512081555,-0.130589792864032,-0.127480512081555,-0.130589792864032,-0.258070304945586,"universal",8,5.83,32,"C8",112,"E16",8,"THY",-0.167142857142857
"32",0.606971551706608,0.437755240321735,0.331075391839968,0.244627928415087,0.233592082020422,0.209681081498646,0.231752774287978,0.242788620682643,0.215199004695979,-0.114037079411545,"universal",9,6.33,33,"C9",114,"E18",8,"THY",-0.0957142857142857
"33",0.57927994747433,0.407347542972817,0.312123442018132,0.232770024555895,0.230124910640487,0.21425422714804,0.27773696111783,0.288317416779461,0.256576049794566,-0.148126379262842,"universal",10,6.44,34,"C10",116,"E20",8,"THY",-0.0799999999999999
"34",0.367802817687786,0.273494402896046,0.221624774760589,0.214551643651208,0.23577103697935,0.264063561416872,0.438534128781591,0.450322680630558,0.410241604344069,-0.0778044422031854,"universal",11,6.75,35,"C11",118,"E22",8,"THY",-0.0357142857142857
"35",0.300682983557057,0.233222057758999,0.196600412325768,0.212020052508181,0.244786787895809,0.279480978306239,0.462589205472396,0.476081390632007,0.437532290175974,-0.038549100456033,"universal",12,6.87,36,"C12",120,"E24",8,"THY",-0.0185714285714286
"36",0.440794425263181,0.454022982505806,0.447881152357444,0.412447516886127,0.374651639050056,0.291028259337749,0.0477172957680399,0.0307091507418079,0.0207877328098392,0.0118112118237723,"universal",1,3.89,37,"D1",146,"G2",8,"THY",-0.444285714285714
"37",0.440039432099498,0.454270979062613,0.447439836520318,0.41043781441622,0.374005054190647,0.290323558047535,0.0557876640954086,0.0438331646463925,0.0381405458611467,0.0261860464121306,"universal",2,4.08,38,"D2",148,"G4",8,"THY",-0.417142857142857
"38",0.44926852149623,0.459219097830588,0.450263579129666,0.408968687342083,0.37016143963809,0.280108723812157,0.0303492578197897,0.021891267935586,0.0174135085851252,0.00995057633435726,"universal",3,4.25,39,"D3",150,"G6",8,"THY",-0.392857142857143
"39",0.451529643859788,0.462663251516605,0.450911110101076,0.408850814508657,0.368027586433663,0.275247522626857,0.0173189452439371,0.00742240510454447,0.0030926687935602,-0.00371120255227223,"universal",4,4.46,40,"D4",152,"G8",8,"THY",-0.362857142857143
"40",0.465142482138743,0.467750757739521,0.450362253734335,0.402543867720072,0.360376745507494,0.263870548278708,0.000869425200259334,-0.00695540160207466,-0.0108678150032417,-0.0178232166053163,"universal",5,4.7,41,"D5",154,"G10",8,"THY",-0.328571428571429
"41",0.469276573346105,0.471180332264345,0.452142743081947,0.397885613912114,0.352195399874359,0.243681141534692,-0.0447383345786348,-0.0523533702515939,-0.0571127675471933,-0.059968405924553,"universal",6,5.07,42,"D6",156,"G12",8,"THY",-0.275714285714286
"42",0.496361140905819,0.478488890333106,0.445181514265776,0.381816262235246,0.337948010829494,0.233964007497342,-0.0406187513016219,-0.0463053764838489,-0.0487425015619462,-0.0747385023949843,"universal",7,5.36,43,"D7",158,"G14",8,"THY",-0.234285714285714
"43",0.593641070697352,0.42536486168078,0.313180722336398,0.238391296106811,0.229042617828112,0.21268243084039,0.257088652664208,0.266437330942906,0.240728465676485,-0.137893004610802,"universal",9,6.33,45,"D9",162,"G18",8,"THY",-0.0957142857142857
"44",0.545274585740627,0.391479189762501,0.290114042413282,0.223702394150001,0.230693093967188,0.227197744058594,0.314581491773439,0.321572191590626,0.286618692504688,-0.160786095795313,"universal",10,6.44,46,"D10",164,"G20",8,"THY",-0.0799999999999999
"45",0.353686065292693,0.249074693868094,0.194278261217113,0.194278261217113,0.219185730603923,0.249074693868094,0.455806689778612,0.468260424472016,0.420936232637079,-0.151935563259537,"universal",11,6.75,47,"D11",166,"G22",8,"THY",-0.0357142857142857
"46",0.289934071322974,0.224918552299034,0.196803733261655,0.212618318970181,0.247761842766905,0.282905366563629,0.46740886649643,0.476194747445611,0.439294047459051,-0.0421722285560689,"universal",12,6.87,48,"D12",168,"G24",8,"THY",-0.0185714285714286
"47",0.267456786189565,0.224402766949294,0.208746759952831,0.23353543769723,0.264847451690155,0.300073467432195,0.457938204646524,0.46968020989387,0.43445419415183,0.0273980122438091,"universal",13,7.07,49,"E1",194,"I2",8,"THY",0.01
"48",0.206062733387374,0.184678864828307,0.182734876777483,0.224530619870205,0.261466392835866,0.302290141903176,0.480165048553598,0.491828976858544,0.454893203892883,0.0223558625844793,"universal",14,7.37,50,"E2",196,"I4",8,"THY",0.0528571428571429
"49",0.161589887840291,0.154364323749872,0.164217365691353,0.219394400563648,0.260120307255103,0.304787430723151,0.491995227611294,0.504475747403836,0.466377318563443,0.0183923449574315,"universal",15,7.92,51,"E3",198,"I6",8,"THY",0.131428571428571
"50",0.136700832617372,0.136700832617372,0.150842298060549,0.215488997229355,0.259260199791568,0.305051611702806,0.499665112325567,0.511786368419719,0.470708778322873,0.00269361246536694,"universal",16,8.35,52,"E4",200,"I8",8,"THY",0.192857142857143
"51",0.12785493198506,0.129840257015884,0.147311117287134,0.214812168335147,0.258092254007108,0.302960599703729,0.499904842761461,0.513802117977228,0.476080942391574,0.00158826002465913,"universal",17,8.65,53,"E5",202,"I10",8,"THY",0.235714285714286
"52",0.121679075790139,0.128798596182116,0.150804386484588,0.232355256429043,0.272483462274727,0.311964438993868,0.496424740058707,0.507427635209943,0.464710512858085,-0.0207113320493854,"universal",18,8.9,54,"E6",204,"I12",8,"THY",0.271428571428571
"53",0.121443359220296,0.129907593347771,0.153092234653464,0.237734575928216,0.280423756745047,0.312072632178215,0.490189559034649,0.504541956033411,0.466268897370045,-0.0117763257425741,"universal",19,9.11,55,"E7",206,"I14",8,"THY",0.301428571428571
"54",0.131473820328919,0.149087537884946,0.183056850314428,0.295029769063459,0.329628142834228,0.333402510881948,0.461101963163147,0.471166944623734,0.429648896098812,-0.0301949443817613,"universal",20,9.32,56,"E8",208,"I16",8,"THY",0.331428571428571
"55",0.142586534186719,0.160051953032883,0.192978562333029,0.302638487219603,0.33642405154497,0.335278778178008,0.449806114874168,0.461831485227265,0.428904875927119,-0.00744427688525039,"universal",21,9.52,57,"E9",210,"I18",8,"THY",0.36
"56",0.159927638016829,0.184752226604516,0.227240464764211,0.359479138587081,0.382394143437254,0.352318199571402,0.410083107631212,0.418198838515648,0.381916747502875,-0.0124122942938434,"universal",22,9.64,58,"E10",212,"I20",8,"THY",0.377142857142857
"57",0.163823132064908,0.19273309654695,0.238163040733017,0.382253974818118,0.401527284472813,0.357474005262081,0.391431741320353,0.39831506619703,0.363439553488534,-0.0142255380784654,"universal",23,9.75,59,"E11",214,"I22",8,"THY",0.392857142857143
"58",0.177481239419361,0.211328517352637,0.259929736949137,0.415280063873663,0.426996429312105,0.364075207513065,0.35756611560282,0.362773389131016,0.330661869040472,-0.0121503048991249,"universal",24,9.94,60,"E12",216,"I24",8,"THY",0.42
"59",0.266063324961602,0.227878310731002,0.211865240247202,0.236500733299202,0.266063324961602,0.299321240581803,0.455756621462004,0.468074367988004,0.433584677715204,0.0357214649254003,"universal",13,7.07,61,"F1",242,"K2",8,"THY",0.01
"60",0.202854281453806,0.181803365453882,0.180846505635704,0.222948337635551,0.262179590180862,0.302367702544352,0.482257348361878,0.492782806361839,0.455465273452884,0.0191371963635666,"universal",14,7.37,62,"F2",244,"K4",8,"THY",0.0528571428571429
"61",0.159258220808171,0.153547766675607,0.16306519022988,0.218266246844664,0.259508415579848,0.303923058833122,0.492368045207731,0.505692438183713,0.46762274396662,0.0171313623976917,"universal",15,7.92,63,"F3",246,"K6",8,"THY",0.131428571428571
"62",0.138866827215213,0.138124223861121,0.155204101005238,0.21758278274897,0.262138983994493,0.306695185240016,0.499029453949857,0.509425900907145,0.467840113077991,0.0029704134163682,"universal",16,8.35,64,"F4",248,"K8",8,"THY",0.192857142857143
"63",0.120726086885195,0.124857397843244,0.14275974532812,0.212992031614945,0.257977417602584,0.302503769039329,0.502642833229234,0.516413869756063,0.476018829277366,-0.0100987601196741,"universal",17,8.65,65,"F5",250,"K10",8,"THY",0.235714285714286
"64",0.125594546687688,0.133677364048777,0.154817040223932,0.234401703471576,0.275437545458642,0.31149934599273,0.49367361420804,0.506108717840484,0.463207610308551,-0.0111915932691999,"universal",18,8.9,66,"F6",252,"K12",8,"THY",0.271428571428571
"65",0.113901538809985,0.122883022157009,0.149827472198081,0.241275302640506,0.282916725431253,0.313127169416697,0.491123839384989,0.505412562891618,0.464179389343918,-0.0326599394437233,"universal",19,9.11,67,"F7",254,"K14",8,"THY",0.301428571428571
"66",0.124995029575863,0.141984645246368,0.177784192552076,0.294891186280918,0.328263645633697,0.333117821539556,0.46357379900951,0.473282150821227,0.431414883633195,-0.0436875831527287,"universal",20,9.32,68,"F8",256,"K16",8,"THY",0.331428571428571
"67",0.144898651144493,0.164530081299554,0.199742011577678,0.316595762500657,0.348379982751707,0.340589732690175,0.442174593492551,0.452146113571312,0.41755740329811,-0.0112179600886059,"universal",21,9.52,69,"F9",258,"K18",8,"THY",0.36
"68",0.159150526082515,0.185114660247034,0.227426582589213,0.361574609105894,0.38369220487567,0.351477445819692,0.408694704441503,0.417830233129019,0.381288118378955,-0.0139437016809454,"universal",22,9.64,70,"F10",260,"K20",8,"THY",0.377142857142857
"69",0.16532980110356,0.195632837424428,0.242424290566946,0.390374409074714,0.407754091670506,0.359180106979702,0.384135548655712,0.390820041961785,0.356951942544344,-0.0155971510475057,"universal",23,9.75,71,"F11",262,"K22",8,"THY",0.392857142857143
"70",0.180713406075848,0.215565277247619,0.26547659892571,0.420804074148047,0.431130554495238,0.364868972267427,0.351100331804505,0.355403031949168,0.323563050878662,-0.00645405021699459,"universal",24,9.94,72,"F12",264,"K24",8,"THY",0.42
"71",0.270658833369067,0.231311954509246,0.217003998560221,0.242042921471016,0.270658833369067,0.300467074929537,0.450700612394305,0.462623909018493,0.429238678470767,0.0512701754840082,"universal",13,7.07,73,"G1",290,"M2",8,"THY",0.01
"72",0.207775257312111,0.186893321903858,0.185849225133446,0.228657192720363,0.26311238614398,0.304876256960484,0.477152224078566,0.489681385323517,0.452093901588663,0.0323669998827911,"universal",14,7.37,74,"G2",292,"M4",8,"THY",0.0528571428571429
"73",0.155816545382664,0.150719742496316,0.159457118872914,0.215521950622751,0.257752603109641,0.30435194378483,0.495117994673887,0.508224059238784,0.467449636147993,0.0109217204707475,"universal",15,7.92,75,"G3",294,"M6",8,"THY",0.131428571428571
"74",0.124362336447393,0.127377180967329,0.140943981307045,0.209531694135607,0.255508073064643,0.302991874253647,0.505740168219396,0.517045835169159,0.473330589630076,-0.0173353559896365,"universal",16,8.35,76,"G4",296,"M8",8,"THY",0.192857142857143
"75",0.100678944968635,0.103576180795071,0.126029758449946,0.204255125763706,0.252783825856501,0.296966672209643,0.514259359192309,0.525123993541442,0.476595293448647,-0.0456314642663598,"universal",17,8.65,77,"G5",298,"M10",8,"THY",0.235714285714286
"76",0.114025922094147,0.123147995861679,0.144650026885147,0.227400267490613,0.271707482932911,0.309498931398399,0.499759327121205,0.510836130981779,0.467180492237163,-0.0247599145118719,"universal",18,8.9,78,"G6",300,"M12",8,"THY",0.271428571428571
"77",0.124529114036123,0.136070836800447,0.162799036886249,0.254525359907979,0.295225119129541,0.318308564658188,0.484752356101592,0.495686619773057,0.452557024180058,-0.0267282000858021,"universal",19,9.11,79,"G7",302,"M14",8,"THY",0.301428571428571
"78",0.139460241037547,0.159464783809327,0.194615623251168,0.31149930887485,0.344363914857059,0.338648331207979,0.445243966263317,0.456960912743931,0.423810527579268,-0.0165751925823315,"universal",21,9.52,81,"G9",306,"M18",8,"THY",0.36
"79",0.173712928836717,0.209256496408495,0.262321540952276,0.427023424489106,0.436535083416764,0.366449175528752,0.348427084928977,0.353933834834464,0.320392721773772,-0.0265325222718905,"universal",24,9.94,84,"G12",312,"M24",8,"THY",0.42
"80",0.263288328423089,0.219627449840365,0.203750766719375,0.227565791400861,0.26064221456959,0.296364751591818,0.463069924362216,0.474977436702959,0.439254899680731,0.0198458539012378,"universal",13,7.07,85,"H1",338,"O2",8,"THY",0.01
"81",0.202452467281759,0.180935779937804,0.180935779937804,0.223969154625714,0.262112373099089,0.303189685301185,0.481191371510267,0.492927746425152,0.455762559194684,0.0224947185868621,"universal",14,7.37,86,"H2",340,"O4",8,"THY",0.0528571428571429
"82",0.154552042060295,0.14944890859604,0.15965517552455,0.217247681764,0.258801768544362,0.304000950656335,0.495732965099059,0.508126289226536,0.466572202446173,0.00801920972954359,"universal",15,7.92,87,"H3",342,"O6",8,"THY",0.131428571428571
"83",0.142324423505655,0.143699538708608,0.15951336354257,0.222081105276939,0.264022118967012,0.30665069025856,0.495041473063147,0.506729952288249,0.467539169004083,0.0123760368265787,"universal",16,8.35,88,"H4",344,"O8",8,"THY",0.192857142857143
"84",0.117601951157854,0.123071809351242,0.140165116205581,0.215375666364674,0.261185728734303,0.304260862007238,0.505278150614267,0.516901599275217,0.470407804631415,-0.020511968225207,"universal",17,8.65,89,"H5",346,"O10",8,"THY",0.235714285714286
"85",0.11319445777396,0.120650380142305,0.145051580620524,0.226388915547921,0.273835694255569,0.307726250475317,0.502258043176674,0.510391776669414,0.465656242459346,-0.0325349339709586,"universal",18,8.9,90,"H6",348,"O12",8,"THY",0.271428571428571
"86",0.160125795243385,0.188084267428738,0.234342830499049,0.377693542431223,0.397518640889928,0.355835100540856,0.397010305032012,0.404635342900745,0.367018489414997,-0.026941800469522,"universal",22,9.64,94,"H10",356,"O20",8,"THY",0.377142857142857
"87",0.172055636059947,0.202418395364643,0.247502492514041,0.39379578734576,0.409897250613402,0.359292651772241,0.379074449501059,0.385515034808116,0.351471941042244,-0.0115010451911729,"universal",23,9.75,95,"H11",358,"O22",8,"THY",0.392857142857143
"88",0.177257521277653,0.211101439421357,0.261444267660118,0.420087633958733,0.431086907355437,0.364668217998417,0.354091993578509,0.358322483346472,0.326170761109953,-0.0143836652110744,"universal",24,9.94,96,"H12",360,"O24",8,"THY",0.42
"89",0.450256109275502,0.46237348332116,0.452807135390377,0.410077447966215,0.36862327359949,0.272322037762945,0.00510205222975071,-0.00127551305743768,-0.00573980875846957,-0.0133928871030957,"universal",3,4.19,3,"A3",6,"A6",9,"THY",-0.401428571428571
"90",0.453056114908267,0.465255912372137,0.453056114908267,0.408138678791291,0.366548460164461,0.267286471708427,-0.000554536248357733,-0.00887257997372371,-0.0127543337122278,-0.0199633049408784,"universal",4,4.42,4,"A4",8,"A8",9,"THY",-0.368571428571429
"91",0.443349520307434,0.457081585095718,0.449234690930984,0.411961943648501,0.374035288518956,0.282488189930401,0.0366188394354223,0.0313875766589334,0.0268102217295056,0.0156937883294667,"universal",5,4.66,5,"A5",10,"A10",9,"THY",-0.334285714285714
"92",0.45746765627569,0.461797003180507,0.448087404648586,0.405515493417883,0.367272929091997,0.274191970638426,0.0310269861511903,0.0245329657939644,0.0209251767066167,0.0129880407144518,"universal",6,4.98,6,"A6",12,"A12",9,"THY",-0.288571428571429
"93",0.470160211309347,0.463643139073376,0.445022932684887,0.401265447671938,0.362163014256111,0.268130971994241,0.0279303095827335,0.0223442476661868,0.0204822270273379,0.0130341444719423,"universal",7,5.26,7,"A7",14,"A14",9,"THY",-0.248571428571429
"94",0.528223624297197,0.482433341076388,0.435007690597692,0.364686898508591,0.325438084319326,0.238763619651365,0.0359780796734933,0.0327073451577212,0.026165876126177,-0.00654146903154422,"universal",8,5.71,8,"A8",16,"A16",9,"THY",-0.184285714285714
"95",0.626569753814677,0.481231408857664,0.374649955889188,0.271298243919757,0.242230574928355,0.193784459942684,0.138878862958923,0.138878862958923,0.119500416964655,-0.113040934966565,"universal",9,6.26,9,"A9",18,"A18",9,"THY",-0.105714285714286
"96",0.561430426746618,0.441310428465946,0.362971299152465,0.292466082770331,0.271575648286736,0.242851300871793,0.221960866388198,0.221960866388198,0.203681736215052,0.00261130431044939,"universal",10,6.28,10,"A10",20,"A20",9,"THY",-0.102857142857143
"97",0.445414180195087,0.343669824312961,0.284884196469954,0.255491382548451,0.266796310979798,0.275840253724876,0.364018695489386,0.373062638234464,0.343669824312961,0,"universal",11,6.61,11,"A11",22,"A22",9,"THY",-0.0557142857142857
"98",0.392257298397245,0.289929307511008,0.233892550597115,0.224147027655569,0.246074454274048,0.270438261627915,0.419057486486498,0.431239390163431,0.394693679132632,-0.0779641835323718,"universal",12,6.78,12,"A12",24,"A24",9,"THY",-0.0314285714285714
"99",0.443892231312727,0.454082009936836,0.445165953640741,0.409501728456361,0.371926919779961,0.287224384967059,0.0566806435966036,0.0509488931205426,0.0477645873005087,0.0445802814804748,"universal",3,4.19,15,"B3",54,"C6",9,"THY",-0.401428571428571
"100",0.451736989244851,0.463016314819005,0.452300955523559,0.410003484620483,0.367706013717407,0.270703813779686,0.00338379767224608,-0.00338379767224608,-0.00733156162319984,-0.0174829546399381,"universal",4,4.42,16,"B4",56,"C8",9,"THY",-0.368571428571429
"101",0.45164383718565,0.46241075425783,0.451077157339746,0.410842888280548,0.368341899837733,0.272006326034018,0.0136003163017009,0.00793351784265885,0.00453343876723364,0,"universal",5,4.66,17,"B5",58,"C10",9,"THY",-0.334285714285714
"102",0.462169060124049,0.466364240700061,0.45028271515868,0.404834925585211,0.363582316587754,0.26429637628879,0.00279678705067503,-0.00279678705067503,-0.00629277086401881,-0.0125855417280376,"universal",6,4.98,18,"B6",60,"C12",9,"THY",-0.288571428571429
"103",0.478333603626701,0.470785933352513,0.448142922529947,0.3962526893949,0.35379704410259,0.257564248106685,0.00660421148991501,-0.00188691756854715,-0.00471729392136787,-0.0113215054112829,"universal",7,5.26,19,"B7",62,"C14",9,"THY",-0.248571428571429
"104",0.520234626489168,0.472670317781587,0.431051547662454,0.368623392483754,0.328491007011732,0.251199005361913,0.065400924472924,0.065400924472924,0.0609417705315883,0.0312140775893501,"universal",8,5.71,20,"B8",64,"C16",9,"THY",-0.184285714285714
"105",0.626900402955954,0.47591915407651,0.377453122198611,0.275704889258116,0.24288287863215,0.190367661630604,0.134570243566461,0.134570243566461,0.111594836128285,-0.134570243566461,"universal",9,6.26,21,"B9",66,"C18",9,"THY",-0.105714285714286
"106",0.380154413024917,0.344514936803831,0.324998080777998,0.31311825537097,0.314815373286259,0.307178342667455,0.301238429963941,0.300389871006296,0.302086988921586,0.259659041039341,"universal",10,6.28,22,"B10",68,"C20",9,"THY",-0.102857142857143
"107",0.386686608891365,0.284047570728842,0.224373711332027,0.212438939452664,0.23630848321139,0.260178026970116,0.432038742032945,0.443973513912308,0.401008335146601,-0.0787694944037966,"universal",12,6.78,24,"B12",72,"C24",9,"THY",-0.0314285714285714
"108",0.446771138516921,0.457023133241344,0.447310717186628,0.407381895628352,0.370690546088315,0.284897537604993,0.0496412376129913,0.0420871362371013,0.0388496642188627,0.0339934561915049,"universal",3,4.19,27,"C3",102,"E6",9,"THY",-0.401428571428571
"109",0.449810404407582,0.463077284312861,0.454232697709341,0.411273277063674,0.36768210023204,0.266601110477527,-0.010739855161417,-0.0164256608351083,-0.0208479541368682,-0.0259020036245939,"universal",4,4.42,28,"C4",104,"E8",9,"THY",-0.368571428571429
"110",0.451903071018466,0.462464151398972,0.450791378346834,0.407435364153181,0.36797027431024,0.275143936228956,0.0272364704549875,0.0194546217535625,0.01556369740285,0.0150078510670339,"universal",5,4.66,29,"C5",106,"E10",9,"THY",-0.334285714285714
"111",0.458898894528432,0.460902819832049,0.447543317807932,0.403456961128344,0.36538238035961,0.27654169189923,0.0374066056675286,0.0320628048578817,0.0280549542506465,0.0267190040482347,"universal",6,4.98,30,"C6",108,"E12",9,"THY",-0.288571428571429
"112",0.474977150532618,0.469102874819317,0.447284136455628,0.396933201770191,0.355813271777084,0.262664042609027,0.0226579206084464,0.0167836448951455,0.0151052804056309,0.0100701869370873,"universal",7,5.26,31,"C7",110,"E14",9,"THY",-0.248571428571429
"113",0.529292893962032,0.480604230125762,0.436627372467195,0.364379677742408,0.321973422143076,0.238731513003646,0.0424062555993319,0.0408356535400974,0.0361238473623939,0.00471180617770351,"universal",8,5.71,32,"C8",112,"E16",9,"THY",-0.184285714285714
"114",0.524678801150208,0.433257494889187,0.367672644745411,0.308050053705615,0.292150696095002,0.262339400575104,0.226565845951226,0.226565845951226,0.210666488340614,0.0755219486504087,"universal",9,6.26,33,"C9",114,"E18",9,"THY",-0.105714285714286
"115",0.4446904941966,0.45619606972562,0.447566888078855,0.40902321005664,0.371630089587327,0.285338273119681,0.0506245323276854,0.0431459082338228,0.039118956798666,0.0322156114812544,"universal",3,4.19,39,"D3",150,"G6",9,"THY",-0.401428571428571
"116",0.448010061681747,0.458937136356912,0.449831240794275,0.410372360022847,0.370913479251419,0.279854523625048,0.0309600449129663,0.0236753284628566,0.0200329702378017,0.00971295526681294,"universal",4,4.42,40,"D4",152,"G8",9,"THY",-0.368571428571429
"117",0.448804376414651,0.462871379257498,0.452153662805805,0.409952654277263,0.369091360305183,0.273971626796406,0.0180861465122322,0.0107177164516931,0.00669857278230822,-0.00669857278230822,"universal",5,4.66,41,"D5",154,"G10",9,"THY",-0.334285714285714
"118",0.461667208125578,0.465127981799683,0.449208422898801,0.40491051987026,0.363381235781002,0.268556037110531,0.0186881778401658,0.0124587852267772,0.00969016628749338,0.00346077367410479,"universal",6,4.98,42,"D6",156,"G12",9,"THY",-0.288571428571429
"119",0.473047517561178,0.469484071101207,0.447212530726387,0.396433418671797,0.357235507612114,0.265476761267855,0.0187080939148489,0.0106903393799136,0.00801775453493523,-0.0053451696899568,"universal",7,5.26,43,"D7",158,"G14",9,"THY",-0.248571428571429
"120",0.534972518826133,0.48147526694352,0.437704788130472,0.363132861263799,0.32098351129568,0.231821424824658,0.0243169326739151,0.0226958038289875,0.0145901596043491,-0.0210746749840598,"universal",8,5.71,44,"D8",160,"G16",9,"THY",-0.184285714285714
"121",0.624421147683782,0.472952651463459,0.364760868448942,0.26584266683567,0.244204310232766,0.204018790827374,0.160742077621568,0.160742077621568,0.139103721018664,-0.102009395413687,"universal",9,6.26,45,"D9",162,"G18",9,"THY",-0.105714285714286
"122",0.529736045141612,0.422838636929179,0.353949196081166,0.296937245034536,0.289810751153707,0.26843126951122,0.239925293987905,0.244676289908457,0.225672306226247,0.0522609551260783,"universal",10,6.28,46,"D10",164,"G20",9,"THY",-0.102857142857143
"123",0.420296455101352,0.338948754113994,0.292464353549789,0.267285303244178,0.275032703338212,0.280843253408738,0.362190954396096,0.373812054537148,0.350569854255045,0.0561686506817476,"universal",11,6.61,47,"D11",166,"G22",9,"THY",-0.0557142857142857
"124",0.370882269987963,0.21291389573383,0.144231993884208,0.140797898791727,0.1820070399015,0.21291389573383,0.463602837484953,0.480773312947359,0.415525506190218,-0.281595797583453,"universal",12,6.78,48,"D12",168,"G24",9,"THY",-0.0314285714285714
"125",0.31656427327993,0.258328392818056,0.231450294143345,0.241902888072399,0.265794531338809,0.294165857717671,0.436022489611979,0.449461538949335,0.41362407404972,0.0238916432664098,"universal",13,6.91,49,"E1",194,"I2",9,"THY",-0.0128571428571428
"126",0.179079745650273,0.132817478023952,0.120878828313934,0.173110420795264,0.222357350849089,0.280558268185428,0.507392612675774,0.528285249668305,0.47903831961448,-0.107447847390164,"universal",14,7.25,50,"E2",196,"I4",9,"THY",0.0357142857142857
"127",0.173389863058645,0.162954362041226,0.167770747126189,0.219145521365787,0.259282063740473,0.303432260352628,0.489665816971172,0.503312241378566,0.46317569900388,0.0168573477973682,"universal",15,7.76,51,"E3",198,"I6",9,"THY",0.108571428571429
"128",0.137469851275191,0.134787512713724,0.146858036240326,0.209222407794438,0.253480994058646,0.301763088165054,0.50092672635399,0.515679588442059,0.474773925379685,-0.00402350784220071,"universal",16,8.2,52,"E4",200,"I8",9,"THY",0.171428571428571
"129",0.144881839070349,0.147209258171881,0.161755627556454,0.225759652848576,0.267071341900764,0.308964885728335,0.492249139973957,0.504468090256999,0.46490196553096,0.0221104814645513,"universal",17,8.51,53,"E5",202,"I10",9,"THY",0.215714285714286
"130",0.145885732883046,0.150766668183966,0.168663430954005,0.236454199022335,0.276586333718787,0.314006837692505,0.487008877802883,0.496770748404723,0.460434896720098,0.0238623503600522,"universal",18,8.79,54,"E6",204,"I12",9,"THY",0.255714285714286
"131",0.144810605316807,0.153328876217796,0.174092161538956,0.254483343167036,0.292283170290173,0.32103233458101,0.479152738180612,0.489268184875536,0.450403573889775,0.0111802305575476,"universal",19,9.02,55,"E7",206,"I14",9,"THY",0.288571428571429
"132",0.148322844950298,0.161198091907789,0.18900862533597,0.285830482456304,0.319306124545781,0.331666361624972,0.461448850956483,0.471749048522476,0.432608297771703,0.00103001975659929,"universal",20,9.25,56,"E8",208,"I16",9,"THY",0.321428571428571
"133",0.160292649561418,0.179736432496382,0.214830089500953,0.331492787110742,0.358050149168255,0.344771468139499,0.431082894826416,0.438670712557134,0.400731623903544,-0.00663934051437825,"universal",21,9.45,57,"E9",210,"I18",9,"THY",0.35
"134",0.17179173909144,0.194199357233802,0.231078562093105,0.351052684230334,0.373927127750662,0.350585858852368,0.410806332609965,0.419209189413351,0.385597762199808,0.0149384120949078,"universal",22,9.58,58,"E10",212,"I20",9,"THY",0.368571428571429
"135",0.147627133689355,0.133732815224474,0.139811579552859,0.198862433028601,0.244887362943518,0.29699105718682,0.503669044351916,0.520168547528962,0.477617197230265,-0.0260518471216508,"universal",15,7.76,63,"F3",246,"K6",9,"THY",0.108571428571429
"136",0.135680209254451,0.132370935858001,0.144284320085221,0.208484223976352,0.254152196847362,0.301805733756242,0.502347701581114,0.516246649846204,0.474549805050933,-0.00661854679290004,"universal",16,8.2,64,"F4",248,"K8",9,"THY",0.171428571428571
"137",0.145934278174558,0.148241539489571,0.163815553365907,0.225534793542498,0.265911866555222,0.308019385554205,0.49317710608398,0.50413659733029,0.46433633964632,0.0213421671638681,"universal",17,8.51,65,"F5",250,"K10",9,"THY",0.215714285714286
"138",0.145980457703977,0.149779205673969,0.168230267242501,0.237150408983784,0.277308601809413,0.314753403227906,0.485697061877544,0.497635984068947,0.460191182650455,0.0206217746942421,"universal",18,8.79,66,"F6",252,"K12",9,"THY",0.255714285714286
"139",0.150666009842144,0.159261050672065,0.181001448065394,0.258356815534682,0.295264932039637,0.3210500545294,0.474749608193869,0.485367011572006,0.447953304429997,0.023257169304492,"universal",19,9.02,67,"F7",254,"K14",9,"THY",0.288571428571429
"140",0.149217372613084,0.164139109874393,0.192438956404461,0.290716605263423,0.324161878435321,0.333938189054799,0.45897205645128,0.467204739078209,0.42861403926448,0.00154362799254915,"universal",20,9.25,68,"F8",256,"K16",9,"THY",0.321428571428571
"141",0.15927224248133,0.17924070273272,0.214898667467346,0.332332231326714,0.35848140546544,0.345644538160975,0.430272774464487,0.437879806941207,0.401270963146991,-0.00285263717877008,"universal",21,9.45,69,"F9",258,"K18",9,"THY",0.35
"142",0.177916802809213,0.200381045588154,0.237671688601196,0.35808002989632,0.379645702964103,0.352688611629374,0.403457800309781,0.410646357999042,0.378297848397367,0.0211163882122046,"universal",22,9.58,70,"F10",260,"K20",9,"THY",0.368571428571429
"143",0.153472100603563,0.183867549099723,0.232201295069027,0.382185393386146,0.402116835022973,0.356772805299192,0.394144258368242,0.403611693145734,0.366240240076685,-0.0358765949462875,"universal",23,9.69,71,"F11",262,"K22",9,"THY",0.384285714285714
"144",0.179715165408791,0.210843658262508,0.257743920828774,0.407160686526615,0.419612083668101,0.362750703388645,0.363995843102794,0.369391448530772,0.338262955677055,-0.00290532599968023,"universal",24,9.84,72,"F12",264,"K24",9,"THY",0.405714285714286
"145",0.191781486393723,0.149163378306229,0.133536738674148,0.181837261173308,0.232978990878301,0.282700116980378,0.50289367543243,0.522782125873261,0.473060999771184,-0.0767125945574893,"universal",14,7.25,74,"G2",292,"M4",9,"THY",0.0357142857142857
"146",0.149676668851222,0.137702535343124,0.142834306846594,0.200139088635348,0.248035622667739,0.300208632953022,0.502058312089526,0.518308921850516,0.474688864071017,-0.0222376765150387,"universal",15,7.76,75,"G3",294,"M6",9,"THY",0.108571428571429
"147",0.138515607633588,0.135825984184392,0.149274101430371,0.210463034899578,0.255514227673609,0.302582638034536,0.500942367412733,0.513718078796413,0.473373727058475,-0.00336202931149485,"universal",16,8.2,76,"G4",296,"M8",9,"THY",0.171428571428571
"148",0.153792509914887,0.155488750833066,0.170189505457283,0.229557937593544,0.269702305990445,0.310412088026738,0.488517384435523,0.499825657223382,0.460246702465874,0.033359404724185,"universal",17,8.51,77,"G5",298,"M10",9,"THY",0.215714285714286
"149",0.148326058429687,0.153623417659319,0.17057496719414,0.238910901256389,0.278111359555663,0.314663138240122,0.484178633588336,0.496892295739452,0.458221573363141,0.0238381165333426,"universal",18,8.79,78,"G6",300,"M12",9,"THY",0.255714285714286
"150",0.14488035779677,0.153902211578986,0.176722194675181,0.257388181433822,0.295067688406608,0.321071855190643,0.478158250457471,0.488241498802301,0.44790850542298,0.00742976193829587,"universal",19,9.02,79,"G7",302,"M14",9,"THY",0.288571428571429
"151",0.150326831216297,0.163851044405307,0.192459956920519,0.290770583563703,0.324581116536227,0.332903709267925,0.458782924334859,0.466585355020826,0.429653849773916,0.0015604861371934,"universal",20,9.25,80,"G8",304,"M16",9,"THY",0.321428571428571
"152",0.162638878423109,0.182620226343663,0.217006732067406,0.329459899434241,0.355482119981939,0.343865057237431,0.430296004056569,0.438660289232614,0.40287973597953,0.00789960266626531,"universal",21,9.45,81,"G9",306,"M18",9,"THY",0.35
"153",0.176611430058773,0.199686290267457,0.237404811762421,0.358991575169717,0.380735193443284,0.351891618182429,0.402478811716852,0.411353757950961,0.378516456884757,0.0208561236501566,"universal",22,9.58,82,"G10",308,"M20",9,"THY",0.368571428571429
"154",0.182527128180282,0.208181862786266,0.249818235343519,0.379774186052522,0.395755824003791,0.356222298545389,0.386503296768846,0.391970699225859,0.360427992743091,0.0159816379512689,"universal",23,9.69,83,"G11",310,"M22",9,"THY",0.384285714285714
"155",0.173696307716359,0.20639707958472,0.256085265410671,0.41364352986732,0.425959404986572,0.364804714739248,0.360557861249851,0.366503456135007,0.333802684266646,-0.0165627286086504,"universal",24,9.84,84,"G12",312,"M24",9,"THY",0.405714285714286
"156",0.294982081511529,0.20859447192601,0.16645417456722,0.179096263774857,0.223343576001587,0.269697903096255,0.474078345286387,0.495148493965782,0.446687152003173,-0.132741936680188,"universal",13,6.91,85,"H1",338,"O2",9,"THY",-0.0128571428571428
"157",0.174740455063331,0.163491069544233,0.169490741821085,0.220487956174332,0.261735703077693,0.304483368050268,0.488223331528878,0.50097263511719,0.462724724352254,0.0269985252458366,"universal",15,7.76,87,"H3",342,"O6",9,"THY",0.108571428571429
"158",0.138247247991904,0.135440197271256,0.148773688194333,0.210528804048584,0.254739852898787,0.301757952469637,0.500356790955469,0.515795569919032,0.472988046429153,-0.00421057608097169,"universal",16,8.2,88,"H4",344,"O8",9,"THY",0.171428571428571
"159",0.147325403638072,0.149159329824438,0.163830739315366,0.227406847109389,0.268975840667019,0.310544834224649,0.490269600488521,0.503107083793083,0.463372016421819,0.0226184229651811,"universal",17,8.51,89,"H5",346,"O10",9,"THY",0.215714285714286
"160",0.139808175408613,0.14544560183638,0.163485366405233,0.23338945410954,0.274542667032237,0.311749681455496,0.491019841858476,0.501730952071233,0.461141481791313,0.00732865435609667,"universal",18,8.79,90,"H6",348,"O12",9,"THY",0.255714285714286
"161",0.152745214198703,0.16140077633663,0.182785106324448,0.260685165565787,0.297344016973476,0.321783251245268,0.473001013301985,0.483693178295894,0.446016025460214,0.0259666864137796,"universal",19,9.02,91,"H7",350,"O14",9,"THY",0.288571428571429
"162",0.151602966098759,0.165895501623222,0.194991020369448,0.292996978251474,0.325155183181514,0.331791003246443,0.456340241388185,0.467059643031531,0.428265618036563,0.00357313388111554,"universal",20,9.25,92,"H8",352,"O16",9,"THY",0.321428571428571
"163",0.16528164343677,0.18483609139267,0.2188235842684,0.332891197344481,0.359429376713202,0.346393078075935,0.426473198276286,0.434853675971671,0.399469436813377,0.00931164188376171,"universal",21,9.45,93,"H9",354,"O18",9,"THY",0.35
"164",0.177092492044054,0.199671784779671,0.236861208108922,0.356841371468768,0.377207008053834,0.350200403017116,0.405541806780883,0.413068237692755,0.380748857894715,0.0185947116646256,"universal",22,9.58,94,"H10",356,"O20",9,"THY",0.368571428571429
"165",0.18128985815907,0.207727962473934,0.248014597620394,0.379785466745274,0.396991217172408,0.356704582025948,0.386919558385793,0.392375040228542,0.360061801621486,0.0092323538877304,"universal",23,9.69,95,"H11",358,"O22",9,"THY",0.384285714285714
"166",0.184981832845575,0.215941135413872,0.261993097984214,0.408275802619418,0.419111558518322,0.362223840049076,0.360288883638558,0.366093752870114,0.336295424148128,0.00580486923155571,"universal",24,9.84,96,"H12",360,"O24",9,"THY",0.405714285714286
"167",0.451750029636435,0.462421290179028,0.452342877444357,0.409657835273985,0.366972793103613,0.272709991644042,0.0201568254693422,0.0118569561584366,0.00770702150298379,0.00296423903960915,"universal",1,4.42,1,"A1",2,"A2",4,"THY",-0.368571428571429
"168",0.426350376893492,0.43088601920087,0.424536119970541,0.394600880741849,0.367387026897584,0.304795163055773,0.134255012298376,0.13153362691395,0.127905113068048,0.130626498452474,"universal",2,4.78,2,"A2",4,"A4",4,"THY",-0.317142857142857
"169",0.470979824330485,0.467921513782884,0.449571650497281,0.399619244886472,0.357822334069264,0.263014707093647,0.011213805341202,0.00509718424600092,0.00101943684920018,-0.00713605794440128,"universal",3,5.03,3,"A3",6,"A6",4,"THY",-0.281428571428571
"170",0.50804398516024,0.477253440605074,0.441331138624047,0.37846711015725,0.337413050750362,0.246324356441329,0.0269417264857703,0.0218099690599093,0.0192440903469788,-0.00384881806939576,"universal",4,5.49,4,"A4",8,"A8",4,"THY",-0.215714285714286
"171",0.505069065297049,0.44004520359713,0.388630987369287,0.332680222650751,0.309997480197291,0.270680726611293,0.193559402269528,0.187510670948605,0.181461939627682,0.120974626418455,"universal",5,5.92,5,"A5",10,"A10",4,"THY",-0.154285714285714
"172",0.487308607510299,0.373192034865482,0.305338937617213,0.265243925606872,0.265243925606872,0.265243925606872,0.330012791162038,0.336181254548244,0.311507401003419,0,"universal",6,6.47,6,"A6",12,"A12",4,"THY",-0.0757142857142857
"173",0.286903180095309,0.234585541372047,0.214333552188849,0.234585541372047,0.261588193616312,0.293653843156376,0.452294425091429,0.465795751213561,0.430354770142964,0.0168766576526653,"universal",7,7,7,"A7",14,"A14",4,"THY",0
"174",0.187606381198893,0.168128123041631,0.169153294523592,0.216311182693806,0.256292870490291,0.300375244214622,0.487981625413515,0.502334026160971,0.463377509846447,0.00615102889176699,"universal",8,7.5,8,"A8",16,"A16",4,"THY",0.0714285714285714
"175",0.155329463171799,0.150424322229531,0.161052127604444,0.21664372495014,0.256702375978657,0.30166616794944,0.494601711678622,0.507682087524668,0.470076006967285,0.0114453288652904,"universal",9,7.96,9,"A9",18,"A18",4,"THY",0.137142857142857
"176",0.14171255420055,0.143088404241332,0.157534829669543,0.220136006525126,0.261411507748587,0.306126634074003,0.495993939701924,0.508376590068962,0.468476938886283,0.0137585004078203,"universal",10,8.35,10,"A10",20,"A20",4,"THY",0.192857142857143
"177",0.138643264895383,0.142530459238244,0.16002283378112,0.229344466228811,0.270160006828854,0.310327681705087,0.492377950095753,0.504039533124337,0.465167589695725,0.00971798585715302,"universal",11,8.75,11,"A11",22,"A22",4,"THY",0.25
"178",0.143972272187477,0.15332112103082,0.175758358254842,0.258651484665814,0.296670136628741,0.322846913390101,0.476168034420921,0.487386653032932,0.448744744480449,0.0087255922537865,"universal",12,9.12,12,"A12",24,"A24",4,"THY",0.302857142857143
"179",0.445780901267359,0.456261643460165,0.448575765852107,0.409447661665631,0.370319557479154,0.28507618764433,0.0496088463792829,0.0398268203326637,0.0349358073093541,0.0237563489703608,"universal",1,4.42,13,"B1",50,"C2",4,"THY",-0.368571428571429
"180",0.462122780551363,0.467241229070128,0.45115467658258,0.404357432982442,0.361216224038565,0.265428116044533,0.0102368970375302,0.00219362079375647,-0.000731206931252157,-0.0065808623812694,"universal",2,4.78,14,"B2",52,"C4",4,"THY",-0.317142857142857
"181",0.470413352287496,0.468832130935269,0.45064808538466,0.400839612789513,0.357356025603274,0.259320301765208,0.00711549608502096,0,-0.00316244270445376,-0.0118591601417016,"universal",3,5.03,15,"B3",54,"C6",4,"THY",-0.281428571428571
"182",0.509249669329231,0.475014397441552,0.440779125553872,0.379440930088447,0.338073309890834,0.248205721185676,0.019970575267813,0.0171176359438397,0.0128382269578798,-0.00285293932397329,"universal",4,5.49,16,"B4",56,"C8",4,"THY",-0.215714285714286
"183",0.585404593913327,0.486950184936995,0.407122285766996,0.32197252665233,0.284719507039664,0.220857187703664,0.0824888291423324,0.0878106890869991,0.0745060392253325,-0.0292702296956663,"universal",5,5.92,17,"B5",58,"C10",4,"THY",-0.154285714285714
"184",0.480001500007031,0.37000115625542,0.305000953129468,0.260000812503809,0.265000828128882,0.267500835941418,0.332501039067371,0.342501070317517,0.320001000004688,0.00500001562507325,"universal",6,6.47,18,"B6",60,"C12",4,"THY",-0.0757142857142857
"185",0.28831131454169,0.23671876351844,0.215474771920632,0.232166479604624,0.260997611058793,0.291346170484234,0.453710963410344,0.464332959209248,0.430949543841263,0.0182091356552647,"universal",7,7,19,"B7",62,"C14",4,"THY",0
"186",0.191129547946954,0.173078423974186,0.173078423974186,0.218737149317069,0.259086720550315,0.302621784249343,0.487380347264732,0.497998655484007,0.459772745894616,0.00849464657542017,"universal",8,7.5,20,"B8",64,"C16",4,"THY",0.0714285714285714
"187",0.152980837032289,0.149874627143308,0.159969809282495,0.215881587284143,0.25626231584089,0.302078911703352,0.496993582236877,0.508641869320554,0.468261140763808,0.00543586730571585,"universal",9,7.96,21,"B9",66,"C18",4,"THY",0.137142857142857
"188",0.14213694974434,0.140820866876337,0.15463973699037,0.217811714654522,0.259926366430622,0.30467318394273,0.496163241237188,0.508666028483218,0.472473749613131,0.00855453864202049,"universal",10,8.35,22,"B10",68,"C20",4,"THY",0.192857142857143
"189",0.139221233993986,0.143571897556298,0.160974551805547,0.229963645436495,0.270984187595437,0.311383206388335,0.492246505907308,0.503433926496111,0.463656431069257,0.00932285049066871,"universal",11,8.75,23,"B11",70,"C22",4,"THY",0.25
"190",0.140982229417805,0.149793618756418,0.173290656992719,0.257292568687495,0.296062681777391,0.321321997881415,0.478164728108723,0.489325821270966,0.449968282225162,0.00176227786772257,"universal",12,9.12,24,"B12",72,"C24",4,"THY",0.302857142857143
"191",0.453274374068678,0.462185403703056,0.449709962214927,0.408125157254498,0.366540352294069,0.276241918665708,0.0285152948300086,0.0196042651956309,0.0142576474150043,0.007722892349794,"universal",1,4.42,25,"C1",98,"E2",4,"THY",-0.368571428571429
"192",0.460442992108966,0.465908190828361,0.450878894350027,0.403741555395251,0.362752564999794,0.269161036930167,0.0198113453578042,0.0116135472787128,0.00751464823916712,0.00136629967984857,"universal",2,4.78,26,"C2",100,"E4",4,"THY",-0.317142857142857
"193",0.464844426090304,0.464844426090304,0.448009014280192,0.404049883442678,0.363831955229634,0.266560686993434,0.0168354118101116,0.0093530065611731,0.00841770590505578,0.000935300656117312,"universal",3,5.03,27,"C3",102,"E6",4,"THY",-0.281428571428571
"194",0.501825424271845,0.473149685742025,0.43730501257975,0.378758713081369,0.341719217480351,0.256886824329635,0.0525721873046694,0.044208430233472,0.0394291404785021,0.0238964487748497,"universal",4,5.49,28,"C4",104,"E8",4,"THY",-0.215714285714286
"195",0.571384844669735,0.476154037224779,0.404730931641062,0.326165515498974,0.297596273265487,0.235696248426266,0.107134658375575,0.107134658375575,0.0976115776310798,0.0023807701861239,"universal",5,5.92,29,"C5",106,"E10",4,"THY",-0.154285714285714
"196",0.370782191334186,0.342260484308479,0.321417698405078,0.312093294185135,0.308253833623983,0.305511361794588,0.32580565333211,0.319223720941562,0.318675226575683,0.216106780156315,"universal",6,6.47,30,"C6",108,"E12",4,"THY",-0.0757142857142857
"197",0.286028940528572,0.236359244269119,0.21409351835971,0.232933747975364,0.262050466472284,0.292879933116083,0.452165510775707,0.465867495950728,0.431612533013174,-0.00171274814687768,"universal",7,7,31,"C7",110,"E14",4,"THY",0
"198",0.189386450381986,0.173847049325003,0.174818261891064,0.220465252495953,0.259313755138412,0.302047108045117,0.486577495596796,0.498232046389533,0.459383543747074,0.0155394010569835,"universal",8,7.5,32,"C8",112,"E16",4,"THY",0.0714285714285714
"199",0.156872636648806,0.151382094366097,0.163147542114758,0.218837328125084,0.258839850470529,0.303548551915439,0.494148805443737,0.505914253192398,0.46748045721344,0.0125498109319044,"universal",9,7.96,33,"C9",114,"E18",4,"THY",0.137142857142857
"200",0.138309835803496,0.139659200055237,0.153827524698522,0.217247644530369,0.259752618460224,0.306305685145303,0.497240726766714,0.510059687158257,0.470928123857756,0.00539745700696567,"universal",10,8.35,34,"C10",116,"E20",4,"THY",0.192857142857143
"201",0.138318230108973,0.143258166898579,0.162400421958303,0.230324552815388,0.27169652342834,0.310598525646489,0.492141202664516,0.50325606044113,0.46373656612428,0.0104973656779131,"universal",11,8.75,35,"C11",118,"E22",4,"THY",0.25
"202",0.139706776121381,0.150032929139048,0.173114918237364,0.256938983910192,0.295813912917881,0.321933005844922,0.478647563407167,0.489581137190579,0.4494913666514,0.00182226229723541,"universal",12,9.12,36,"C12",120,"E24",4,"THY",0.302857142857143
"203",0.445610002330801,0.457035899826463,0.449642672035153,0.411332309843817,0.371677724417697,0.28228687930458,0.0389824738087277,0.0302450227826336,0.0255402414608906,0.0161306788174046,"universal",1,4.42,37,"D1",146,"G2",4,"THY",-0.368571428571429
"204",0.45921726115895,0.464469746172206,0.450213001136225,0.405191701022603,0.363922175918449,0.270878155683629,0.0210099400530239,0.0135063900340868,0.00825390502083081,0.00300142000757484,"universal",2,4.78,38,"D2",148,"G4",4,"THY",-0.317142857142857
"205",0.445009247718017,0.445539652065714,0.433870756416374,0.399924878163748,0.365448595563425,0.291191986885806,0.104489656496364,0.0986552086716938,0.093351165194721,0.0869863130223537,"universal",3,5.03,39,"D3",150,"G6",4,"THY",-0.281428571428571
"206",0.506508029617055,0.476637043255023,0.441571102743073,0.379231652944051,0.337672019744703,0.249357799196089,0.0259747707495925,0.0181823395247148,0.0155848624497555,-0.00389621561243889,"universal",4,5.49,40,"D4",152,"G8",4,"THY",-0.215714285714286
"207",0.579145828174249,0.477671559135171,0.408372058327996,0.326697646662397,0.292047896258809,0.227698359795004,0.0940493225240234,0.0940493225240234,0.0890993581806537,-0.0123749108584241,"universal",5,5.92,41,"D5",154,"G10",4,"THY",-0.154285714285714
"208",0.485200376545546,0.377098738247833,0.301678990598267,0.261455125185165,0.266483108361802,0.266483108361802,0.331846889658093,0.33938886442305,0.309220965363223,0.00754197476495668,"universal",6,6.47,42,"D6",156,"G12",4,"THY",-0.0757142857142857
"209",0.281414464000287,0.229846368502853,0.209219130303879,0.231319742659922,0.260787225801314,0.294674831413914,0.455272614534496,0.470006356105192,0.433172002178453,0.00589349662827828,"universal",7,7,43,"D7",158,"G14",4,"THY",0
"210",0.192095229095713,0.17472491582642,0.176768482093396,0.222748723100349,0.259532915905911,0.3024478075124,0.485346988406723,0.496586602875089,0.458780626936039,0.0153267470023175,"universal",8,7.5,44,"D8",160,"G16",4,"THY",0.0714285714285714
"211",0.156355681637243,0.151951296239011,0.161494131268514,0.218017077212494,0.258390610029623,0.303168528244984,0.494025228835046,0.507238385029743,0.467598916445653,0.0132131561946966,"universal",9,7.96,45,"D9",162,"G18",4,"THY",0.137142857142857
"212",0.145489686810878,0.145489686810878,0.160614852271415,0.221115514113563,0.262889780623617,0.307545031030916,0.494808984351849,0.50705316591514,0.465999145379397,0.0136846735119143,"universal",10,8.35,46,"D10",164,"G20",4,"THY",0.192857142857143
"213",0.136598223098429,0.14025302505424,0.157613334344341,0.225227170526841,0.266800542774189,0.307460214532584,0.493855114278936,0.506190070879797,0.469185201077213,0.0114212561119088,"universal",11,8.75,47,"D11",166,"G22",4,"THY",0.25
"214",0.140705561843285,0.149463169426892,0.173400630155418,0.25513830093575,0.295423295820342,0.321112278065589,0.478749214570514,0.489842184176416,0.450724870302972,0.00350304303344279,"universal",12,9.12,48,"D12",168,"G24",4,"THY",0.302857142857143
"215",0.45802944814524,0.45802944814524,0.44206144903559,0.392476609695096,0.347093875383457,0.277338931904457,0.115137677790638,0.0974888366694456,0.0874037846001926,0.0563082073866626,"universal",13,2.63,49,"E1",194,"I2",4,"CDM",-0.624285714285714
"216",0.460544970364025,0.459796116753677,0.442572483715672,0.400636681536184,0.359449732967044,0.273331567777023,0.0778807754761928,0.0688945321520167,0.0621548496588846,0.0389403877380964,"universal",14,4.54,50,"E2",196,"I4",4,"CDM",-0.351428571428571
"217",0.510125686607685,0.478322339562318,0.440158323107878,0.379095896780773,0.333299077035445,0.239161169781159,0.0419804180998843,0.0407082842180696,0.0381640164544403,0.0190820082272201,"universal",15,5.36,51,"E3",198,"I6",4,"CDM",-0.234285714285714
"218",0.576028264480283,0.471489801667194,0.39255259505323,0.311481950422671,0.283747256206954,0.228277867775519,0.147207223144961,0.147207223144961,0.136540033061993,0.0128006280995618,"universal",16,5.92,52,"E4",200,"I8",4,"CDM",-0.154285714285714
"219",0.408135769517399,0.323257976741657,0.27269248317313,0.252827467842637,0.265468841234769,0.281722035596081,0.386464843702316,0.395494396125267,0.366599828371823,0.0252827467842637,"universal",17,6.49,53,"E5",202,"I10",4,"CDM",-0.0728571428571428
"220",0.26119158242617,0.221683611975153,0.207416844867841,0.234852935458825,0.264483913297088,0.299602109253548,0.460926321928536,0.47080331454129,0.43568511858483,0.0285335342146237,"universal",18,6.88,54,"E6",204,"I12",4,"CDM",-0.0171428571428572
"221",0.172014834571778,0.159836793186165,0.165925813878971,0.217682489767825,0.258022251857667,0.302167651880512,0.49321067611731,0.503866462329721,0.463526700239879,0.00837240345260865,"universal",19,7.31,55,"E7",206,"I14",4,"CDM",0.0442857142857142
"222",0.155638756896687,0.151779944742223,0.162070110487459,0.219309157445331,0.26111295578535,0.306132430920756,0.49457109113038,0.504861256875616,0.465629999971905,0.0135058425406216,"universal",20,7.66,56,"E8",208,"I16",4,"CDM",0.0942857142857143
"223",0.142866458849785,0.146125769698069,0.162965542414203,0.226522103955742,0.267806708034007,0.310177749061699,0.493785593515035,0.504106744534601,0.462822140456336,0.0168397727161343,"universal",21,8.25,57,"E9",210,"I18",4,"CDM",0.178571428571429
"224",0.147677086020486,0.155060940321511,0.176157666895866,0.251051046234827,0.289552572233025,0.32014282576584,0.481532784059657,0.489971474689399,0.448832857869407,0.0189870539169197,"universal",22,8.7,58,"E10",212,"I20",4,"CDM",0.242857142857143
"225",0.163624483975211,0.182791923526592,0.215984318847278,0.323976478270917,0.350156395706951,0.343143917822299,0.434773628848417,0.441786106733069,0.404386224681592,0.0107524660897996,"universal",23,9.33,59,"E11",214,"I22",4,"CDM",0.332857142857143
"226",0.178006193927657,0.205179705832543,0.247712159248886,0.382004442720857,0.397757203245429,0.356800025881543,0.387517908904457,0.393031375088057,0.358769120947115,0.00708874223605715,"universal",24,9.82,60,"E12",216,"I24",4,"CDM",0.402857142857143
"227",0.454622369823747,0.454622369823747,0.438701742086729,0.391824338194397,0.347600372258235,0.277726506079098,0.125596063258701,0.110559914840405,0.0990616836970032,0.0698738661791362,"universal",13,2.63,61,"F1",242,"K2",4,"CDM",-0.624285714285714
"228",0.465920059136019,0.465221528312727,0.446361196083832,0.40165522339312,0.359044843172284,0.263346120381228,0.0544854042168058,0.0468015651605896,0.0419118493975429,0.0272427021084029,"universal",14,4.54,62,"F2",244,"K4",4,"CDM",-0.351428571428571
"229",0.510244135389296,0.476886770605977,0.438587574002906,0.376814676256018,0.334809105788134,0.242149759167802,0.0506537761524483,0.0481828602425728,0.0432410284228217,0.0197673272790042,"universal",15,5.36,63,"F3",246,"K6",4,"CDM",-0.234285714285714
"230",0.570768491161938,0.469396481148621,0.392265603964575,0.31513472678053,0.286486115255027,0.233596370900253,0.14985427567186,0.14985427567186,0.136631839583167,0.0220373934811559,"universal",16,5.92,64,"F4",248,"K8",4,"CDM",-0.154285714285714
"231",0.398655146234632,0.320585180097017,0.275736476145621,0.259125845052511,0.270753286817688,0.284041791692175,0.387027704469455,0.393671956906699,0.365433884048413,0.0531540194979509,"universal",17,6.49,65,"F5",250,"K10",4,"CDM",-0.0728571428571428
"232",0.258693439224866,0.218202292215756,0.201330980961961,0.228325078968033,0.259818193308452,0.295810323983216,0.465648190604758,0.476895731440622,0.439778846682271,0.0112475408358637,"universal",18,6.88,66,"F6",252,"K12",4,"CDM",-0.0171428571428572
"233",0.169294763182852,0.158055276830464,0.164377487903682,0.217062580180504,0.257103250310888,0.301358727823418,0.494537399505096,0.50507441796046,0.464331279933052,0.00561974317619427,"universal",19,7.31,67,"F7",254,"K14",4,"CDM",0.0442857142857142
"234",0.156361195964259,0.152000525160475,0.16321367865592,0.220525352077083,0.262263201199016,0.307738768152765,0.494624659743513,0.50396895432305,0.463477011145055,0.015573824299229,"universal",20,7.66,68,"F8",256,"K16",4,"CDM",0.0942857142857143
"235",0.141683526277484,0.145666597297333,0.161598881376728,0.225328017694311,0.266865758329879,0.308972509111139,0.495038826752654,0.505281009375122,0.463174258593862,0.015363273933703,"universal",21,8.25,69,"F9",258,"K18",4,"CDM",0.178571428571429
"236",0.148991235964335,0.155763564871805,0.176080551594214,0.250055221198884,0.288605401133712,0.32038325216107,0.481877249185349,0.489691474847814,0.449057501402996,0.0203169867224093,"universal",22,8.7,70,"F10",260,"K20",4,"CDM",0.242857142857143
"237",0.16559947861832,0.1844712140734,0.217024957733411,0.322706676281855,0.349127105918966,0.341106618350557,0.434993502239576,0.442070403035231,0.405270518897827,0.0132102148185555,"universal",23,9.33,71,"F11",262,"K22",4,"CDM",0.332857142857143
"238",0.177296115409367,0.204572440856962,0.246726762003245,0.381868556266329,0.398399662598205,0.356658619110219,0.388067721140782,0.393027053040345,0.35913828506,0.00661244253275029,"universal",24,9.82,72,"F12",264,"K24",4,"CDM",0.402857142857143
"239",0.453858287558717,0.454731091957869,0.439020612773144,0.392761979618121,0.3482489552614,0.281043016526744,0.124811029078647,0.108227745494771,0.0951356795075004,0.0602235035414452,"universal",13,2.63,73,"G1",290,"M2",4,"CDM",-0.624285714285714
"240",0.465809531166798,0.465103759149879,0.445342142676136,0.401584277627134,0.358532184595051,0.264664506344772,0.0564617613535513,0.0494040411843574,0.0437578650490023,0.0310539687444532,"universal",14,4.54,74,"G2",292,"M4",4,"CDM",-0.351428571428571
"241",0.507654654897243,0.4766710374622,0.437345676871568,0.378953474782449,0.33366972622354,0.243102229105722,0.0560088469018084,0.054817169308153,0.050050458933531,0.033366972622354,"universal",15,5.36,75,"G3",294,"M6",4,"CDM",-0.234285714285714
"242",0.563349736936642,0.466220471947566,0.390675488067174,0.317288932297649,0.287070938745492,0.235268664084651,0.15756525209339,0.159723680204259,0.151089967760785,0.0323764216630254,"universal",16,5.92,76,"G4",296,"M8",4,"CDM",-0.154285714285714
"243",0.406779146568483,0.325423317254787,0.274339424429907,0.253527468093845,0.268663436338254,0.278123416491009,0.387859186262972,0.393535174354625,0.365155233896359,0.0302719364888173,"universal",17,6.49,77,"G5",298,"M10",4,"CDM",-0.0728571428571428
"244",0.259660888890291,0.219805961758293,0.202897810853809,0.230675487339747,0.262076339019503,0.297100365893077,0.463766424808706,0.47463595039016,0.43840419845198,0.0193236010336961,"universal",18,6.88,78,"G6",300,"M12",4,"CDM",-0.0171428571428572
"245",0.178978630782838,0.168538210653839,0.174504165013267,0.223723288478547,0.262501991814829,0.304263672330824,0.486971024588305,0.498902933307161,0.45937848567595,0.0223723288478547,"universal",19,7.31,79,"G7",302,"M14",4,"CDM",0.0442857142857142
"246",0.157991486755394,0.154780277675,0.16569838854834,0.222215668363278,0.262676902776245,0.306991588085685,0.493883956564627,0.502875341989731,0.462414107576764,0.0192672544823652,"universal",20,7.66,80,"G8",304,"M16",4,"CDM",0.0942857142857143
"247",0.142132491367419,0.144754862056854,0.160489086193469,0.224999405153589,0.266957336184561,0.309439741353421,0.495103586165473,0.505068594785329,0.463635137892244,0.0162586982745018,"universal",21,8.25,81,"G9",306,"M18",4,"CDM",0.178571428571429
"248",0.147533861708584,0.154559283694707,0.175095132577221,0.249672689045296,0.28750188435519,0.319386491830671,0.481511614587357,0.491239121952758,0.450707841263587,0.0194550147308023,"universal",22,8.7,82,"G10",308,"M20",4,"CDM",0.242857142857143
"249",0.165374038239069,0.183593211943373,0.214892818050767,0.319069118975379,0.34616430038178,0.340091242480345,0.437260168903301,0.444734701705067,0.407829195996348,0.0126132741029798,"universal",23,9.33,83,"G11",310,"M22",4,"CDM",0.332857142857143
"250",0.176250218529295,0.203177335249049,0.246423916647441,0.381059500246208,0.39697097830788,0.35658030322825,0.389219232585527,0.394523058606085,0.360252182780944,0.00815973233931923,"universal",24,9.82,84,"G12",312,"M24",4,"CDM",0.402857142857143
"251",0.432058049648879,0.434240161010742,0.423329604201427,0.388415822411618,0.35350204062181,0.299676627029189,0.172386797587179,0.153475165784366,0.137473015797371,0.0880118249284753,"universal",13,2.63,85,"H1",338,"O2",4,"CDM",-0.624285714285714
"252",0.462535411964251,0.461200533430443,0.443179673224044,0.401130999409112,0.360417204127988,0.270980342362894,0.0714160015586938,0.0607369732882349,0.0533951413522944,0.0327045240782803,"universal",14,4.54,86,"H2",340,"O4",4,"CDM",-0.351428571428571
"253",0.509463712657887,0.475574773900157,0.437167309974728,0.377296851502737,0.334370862409611,0.244000359055662,0.0553519333042937,0.053092670720445,0.0508334081365963,0.0316296761738821,"universal",15,5.36,87,"H3",342,"O6",4,"CDM",-0.234285714285714
"254",0.569246825367392,0.467074318250168,0.394093956023579,0.319028440590516,0.285665989286933,0.23145200591861,0.150131030866125,0.150131030866125,0.141790418040229,0.0187663788582656,"universal",16,5.92,88,"H4",344,"O8",4,"CDM",-0.154285714285714
"255",0.398726986052616,0.321496083348731,0.274798328225452,0.256837653178037,0.269410125711227,0.283778665749159,0.387950581024167,0.395134851043133,0.366397770967269,0.0466977551232794,"universal",17,6.49,89,"H5",346,"O10",4,"CDM",-0.0728571428571428
"256",0.258050227143115,0.219228511555213,0.205526729583012,0.230646663198713,0.261475672636165,0.295730127566667,0.464718771890476,0.474995108369627,0.438457023110425,0.0159854123009009,"universal",18,6.88,90,"H6",348,"O12",4,"CDM",-0.0171428571428572
"257",0.178771186183451,0.168429051445565,0.175077566634206,0.225310792503936,0.263724435816083,0.305831698677474,0.487557780500321,0.497899915238207,0.457270100196513,0.0214229933856202,"universal",19,7.31,91,"H7",350,"O14",4,"CDM",0.0442857142857142
"258",0.158490005617565,0.154640045966936,0.165548264977052,0.222014339852946,0.262438916184551,0.307355112108558,0.493436495222298,0.503061394348871,0.462636818017265,0.0186081383113741,"universal",20,7.66,92,"H8",352,"O16",4,"CDM",0.0942857142857143
"259",0.143206481811427,0.145506987543337,0.16161052766671,0.227174941026159,0.269734297066502,0.312293653106846,0.494033605927773,0.503235628855415,0.461251399248049,0.0155284136903957,"universal",21,8.25,93,"H9",354,"O18",4,"CDM",0.178571428571429
"260",0.144415740734284,0.152152298273621,0.172783118378518,0.24705407075615,0.284705317447588,0.317198859112802,0.484824272465096,0.493592371009678,0.452330730799882,0.0118627215603162,"universal",22,8.7,94,"H10",356,"O20",4,"CDM",0.242857142857143
"261",0.163378476639411,0.180328405051569,0.211874105151974,0.317340326383179,0.344648544380545,0.340881893622288,0.43928564468176,0.447289777543057,0.40868160727092,0.0122416149643363,"universal",23,9.33,95,"H11",358,"O22",4,"CDM",0.332857142857143
"262",0.180495312571564,0.206734719244963,0.248479229861734,0.378085996157615,0.393591100100987,0.354231990090889,0.390012999190978,0.395578933939881,0.361785758678685,0.0107343027300269,"universal",24,9.82,96,"H12",360,"O24",4,"CDM",0.402857142857143
